Tipo de inmueble,Delegaci√≥,Precio,¡rea total en metros cuadrados,¡rea construida en metros cuadrados,Precio por metro cuadrado,Latitud,Longitud
casa,Iztapalapa,1498321.97,80,80,18900,19.31033,-99.068557
departamento,Tlalpan,918284,100,100,9266.67,19.279771,-99.234597
departamento,Miguel Hidalgo,4376051.62,87,87,50758.62069,19.432657,-99.177444
departamento,Benito Ju√°re,3122244.47,100,100,31500,19.367025,-99.170349
casa,¡lvaro ObregÛn,2067789.37,205,205,10178.85854,19.340909,-99.22511
casa,Gustavo A. Madero,1585525.89,144,144,11111.11111,19.509359,-99.093272
casa,Miguel Hidalgo,4359347.04,304,304,14467.43421,19.432901,-99.213075
departamento,Benito Ju√°re,1248601.52,103,103,12233.00971,19.3794059,-99.1591446
casa,Cuauht√©mo,4845723.38,530,530,9224.150943,19.36269,-99.150565
casa,¡lvaro ObregÛn,700222.21,90,90,7849.411111,19.452952,-99.158166
casa,Gustavo A. Madero,2209826.65,120,120,18583.33333,19.342911,-99.224472
departamento,Miguel Hidalgo,19120927.99,149,149,6822.892617,19.491083,-99.07564
departamento,Iztacalco,1333148.73,56,56,24017.85714,19.407269,-99.190754
departamento,Benito Ju√°re,1283284.95,80,80,16187.5,19.4024128,-99.0953907
departamento,Azcapotzalco,455838.66,60,60,7666.666667,19.35782,-99.149406
departamento,Benito Ju√°re,4855673.26,120,120,40833.33333,19.504985,-99.208557
casa,Venustiano Carranza,1684621.29,220,220,7727.272727,19.376792,-99.153132
departamento,Coyoac√°,1770635.95,50,50,35736,19.433895,-99.091159
departamento,Cuauht√©mo,656035.96,16,16,41376.5625,19.354219,-99.126244
casa,Gustavo A. Madero,700108.79,90,90,7850,19.439716,-99.152892
casa,Tlalpan,2477971.72,331,150,16666.66667,19.543273,-99.148777
departamento,Miguel Hidalgo,32914875,734,734,2384.196185,19.26907789,-99.20353889
departamento,Benito Ju√°re,2674583.93,90,90,29988.88889,19.420166,-99.220367
departamento,Benito Ju√°re,1436882.88,90,90,16111.11111,19.367728,-99.156645
departamento,Miguel Hidalgo,21159562.5,260,260,4326.923077,19.400785,-99.147419
departamento,Tlalpan,2810709.32,87,87,32307.00368,19.430456,-99.1889121
departamento,¡lvaro ObregÛn,4182816.29,80,80,52285.20363,19.2745241,-99.1515694
departamento,Miguel Hidalgo,17822784.13,175,175,101844.4807,19.376482,-99.2587951
departamento,Iztacalco,2468426.03,254,254,9806.929134,19.407269,-99.190754
departamento,Benito Ju√°re,4855673.26,190,190,25789.47368,19.395901,-99.097612
casa,Coyoac√°,5748894.57,200,263,22053.23194,19.375658,-99.186109
departamento,Benito Ju√°re,1755044.45,114,114,15535.66667,19.30742737,-99.11703229
departamento,¡lvaro ObregÛn,754287.05,65,65,11710.35385,19.39177,-99.159996
departamento,Iztacalco,1280312.08,80,80,16150,19.366632,-99.1979
departamento,Cuajimalpa,3701212.05,83,83,45000,19.400731,-99.125466
casa,Gustavo A. Madero,14666115.2,804,804,18407.9602,19.35735,-99.299792
casa,Gustavo A. Madero,2190007.57,445,445,4966.292135,19.519724,-99.14607
departamento,Iztapalapa,741233.2,61,61,12262.29508,19.469479,-99.104805
casa,Xochimilco,3716076.4,124,124,30241.93548,19.337163,-99.080899
casa,¡lvaro ObregÛn,940415.03,60,60,15816.66667,19.279143,-99.130161
departamento,Cuajimalpa,10407481.65,320,320,32812.5,19.361606,-99.201739
departamento,Cuauht√©mo,733305.6,35,35,20951.58857,19.390415,-99.254997
casa,Iztapalapa,3319694.98,200,200,16750,19.45174195,-99.15707901
departamento,Miguel Hidalgo,19823774.55,190,190,105263.1579,19.374413,-99.105499
departamento,Cuauht√©mo,842510.39,55,55,15454.54545,19.430456,-99.1889121
casa,Venustiano Carranza,3815171.81,200,200,19250,19.435666,-99.14973
departamento,Cuauht√©mo,3894448.13,180,180,21833.33333,19.412011,-99.106233
departamento,Benito Ju√°re,4637663.38,120,120,39000,19.41498,-99.177444
casa,Xochimilco,2694072.17,90,90,30207.4,19.393401,-99.165187
departamento,Cuauht√©mo,2107427.53,112,112,18988.08929,19.276603,-99.137819
departamento,Tlahuac,1004371.45,60,60,16888.33333,19.431629,-99.162762
departamento,Miguel Hidalgo,674244.85,65,65,10467.69231,19.2990233,-99.0436467
departamento,Miguel Hidalgo,18796744.68,256,208,4804.6875,19.453854,-99.193979
casa,Iztapalapa,1784139.7,160,200,9000,19.407269,-99.190754
departamento,Azcapotzalco,563551.37,60,60,9478.266667,19.33836268,-99.07067131
casa,Iztapalapa,1327173.27,131,131,10223.58015,19.458968,-99.152898
departamento,Benito Ju√°re,3171051.78,90,90,35555.55556,19.345087,-99.10273
casa,Coyoac√°,983026.06,70,70,14171.42857,19.394073,-99.153915
departamento,Iztapalapa,676821.23,65,65,10507.69231,19.346749,-99.145944
casa,Iztacalco,3171803.93,180,264,12121.21212,19.332034,-99.062028
casa,¡lvaro ObregÛn,3846221.26,287,287,13523.80836,19.381207,-99.0978814
departamento,Benito Ju√°re,9265417.31,159,159,58805.03145,19.3398,-99.215945
departamento,Tlahuac,319126.64,50,50,6440.8,19.37539481,-99.16575876
departamento,Benito Ju√°re,2328741.13,147,147,15986.39456,19.305214,-99.046887
departamento,Cuajimalpa,1690963.33,47,47,36306.38298,19.387245,-99.147388
departamento,Benito Ju√°re,1989834.91,63,63,31873.01587,19.35735,-99.299792
casa,Miguel Hidalgo,75234000,713,451,8869.179601,19.366081,-99.139389
departamento,Benito Ju√°re,699613.19,64,64,11031.25,19.420166,-99.220367
casa,Iztapalapa,1451449.87,208,208,7041.826923,19.370272,-99.149127
departamento,Benito Ju√°re,1501294.84,70,70,21642.85714,19.366935,-99.077541
casa,Cuajimalpa,7134866.79,420,420,17142.85714,19.386715,-99.143999
departamento,Azcapotzalco,563684.91,70,70,8124.228571,19.367827,-99.289665
casa,¡lvaro ObregÛn,15461553,658,530,29432.07547,19.458968,-99.152898
departamento,Miguel Hidalgo,1283284.95,70,70,18500,19.3641188,-99.2640457
casa,Gustavo A. Madero,3666528.8,160,160,23125,19.445471,-99.17317
departamento,Miguel Hidalgo,986328.83,70,70,14219.04286,19.482945,-99.113471
departamento,Coyoac√°,1109528.27,100,100,11196.57,19.443903,-99.171681
casa,Azcapotzalco,5450245.5,310,310,17741.93548,19.314831,-99.140445
departamento,Coyoac√°,1178243.81,86,86,13825.5814,19.464928,-99.180214
casa,¡lvaro ObregÛn,3032318.4,200,200,15300,19.317741,-99.119331
departamento,Coyoac√°,2019051.28,80,80,25462.5,19.367477,-99.222025
departamento,Benito Ju√°re,1447135.39,60,60,24333.33333,19.305984,-99.127341
casa,Miguel Hidalgo,13377875.33,591,650,20769.23077,19.365843,-99.149901
casa,Iztapalapa,3536713.85,250,250,14276,19.401079,-99.24807
departamento,Miguel Hidalgo,31473636.07,228,228,7339.355263,19.383751,-99.071318
departamento,Benito Ju√°re,1486430.48,80,80,18750,19.407269,-99.190754
departamento,Benito Ju√°re,1290221.72,90,90,14466.66667,19.365843,-99.149901
departamento,Miguel Hidalgo,12421168.57,247,247,49392.71255,19.399841,-99.154813
departamento,Benito Ju√°re,2923313.36,73,73,40410.9589,19.407269,-99.190754
casa,Iztapalapa,1164370.47,90,90,13055.55556,19.394073,-99.153915
departamento,Cuajimalpa,14576587.5,360,360,2152.777778,19.363498,-99.015615
casa,Tlalpan,6442726.59,250,387,16795.86563,19.35735,-99.299792
departamento,Azcapotzalco,1050410.9,70,70,15142.85714,19.3012112,-99.1290556
departamento,Cuauht√©mo,2942488.44,52,52,57102.88462,19.465454,-99.162665
casa,Coyoac√°,3963814.82,160,160,24773.84262,19.405298,-99.164986
departamento,Benito Ju√°re,2972861.16,90,90,33333.33333,19.30738686,-99.10484701
departamento,Benito Ju√°re,2973566.1,89,56,53571.42857,19.334546,-99.207876
casa,Tlalpan,4688322.57,985,985,4802.030457,19.371992,-99.157853
casa,Xochimilco,3914267.21,113,311,12700.96463,19.286214,-99.222026
departamento,Cuauht√©mo,2854623.41,80,80,35682.79263,19.271181,-99.137314
casa,Cuajimalpa,40638737.87,700,1050,39047.61905,19.4233932,-99.1682732
departamento,Benito Ju√°re,2480945.34,69,69,36275.36232,19.390415,-99.254997
departamento,¡lvaro ObregÛn,696665.14,70,70,10043.21429,19.403312,-99.151204
casa,Iztacalco,2378288.93,187,187,12834.2246,19.376392,-99.192439
casa,Iztapalapa,2547246.44,250,250,10282,19.390301,-99.11161
departamento,Venustiano Carranza,777884.76,80,80,9810,19.373264,-99.104161
casa,Tlalpan,2155324.32,150,150,14500,19.416439,-99.125632
departamento,Benito Ju√°re,1714349.82,70,70,24714.28571,19.271242,-99.160156
casa,Coyoac√°,357471.52,65,65,5549.769231,19.401456,-99.146787
departamento,Iztacalco,891078.64,54,54,16648.14815,19.326115,-99.109844
departamento,Cuauht√©mo,4856824.72,84,84,58333.33333,19.4045899,-99.0601489
departamento,Miguel Hidalgo,3716076.4,97,97,38659.79381,19.4169673,-99.1658498
departamento,Cuauht√©mo,1872010.56,62,62,30469.35484,19.400249,-99.177444
departamento,Cuauht√©mo,1496340.12,90,90,16777.77778,19.45535854,-99.16329235
departamento,Azcapotzalco,1450920.6,90,90,16268.51111,19.440749,-99.141649
departamento,Iztacalco,841319.62,46,46,18456.52174,19.484532,-99.207027
departamento,Benito Ju√°re,3171051.78,97,97,32989.69072,19.410307,-99.065399
departamento,Benito Ju√°re,990953.65,98,98,10204.08163,19.379376,-99.165182
casa,Tlalpan,3996472.77,150,150,26880,19.389044,-99.179657
departamento,Gustavo A. Madero,2328741.13,110,110,21363.63636,19.274141,-99.166374
departamento,Azcapotzalco,2438616.06,98,98,25111,19.478473,-99.120734
casa,Tlalpan,3765624.01,109,184,20652.17391,19.469769,-99.157379
departamento,Miguel Hidalgo,1249935.41,85,85,14839.36471,19.2801195,-99.2137844
departamento,Miguel Hidalgo,25391475,350,350,3857.142857,19.452143,-99.181477
casa,Gustavo A. Madero,1843173.75,96,2,930000,19.40113516,-99.25544396
departamento,Cuajimalpa,2775328.27,65,65,43076.92308,19.45103064,-99.06553824
departamento,Miguel Hidalgo,5331331.01,287,287,18745.6446,19.3499358,-99.2906864
departamento,Benito Ju√°re,2910129.92,74,74,39675.67568,19.43475,-99.189814
departamento,Cuauht√©mo,1497661.04,351,351,4305.792023,19.3807458,-99.1553016
departamento,¡lvaro ObregÛn,1784139.7,64,64,28125,19.445742,-99.159469
departamento,Azcapotzalco,1436882.88,64,64,22656.25,19.386551,-99.193708
departamento,Benito Ju√°re,2040262.75,63,63,32673.01587,19.466822,-99.157379
departamento,¡lvaro ObregÛn,3389865.35,150,150,22800,19.370501,-99.139389
casa,¡lvaro ObregÛn,29679064.23,1084,1084,27629.15129,19.382986,-99.241837
departamento,Miguel Hidalgo,19328180.17,297,272,71691.17647,19.326543,-99.195963
casa,Iztapalapa,505386.27,100,100,5100,19.407269,-99.190754
casa,Xochimilco,7595905.45,371,368,20824.53804,19.383948,-99.067884
casa,Gustavo A. Madero,1431927.96,90,144,10034.72222,19.27071225,-99.13967215
departamento,Venustiano Carranza,990953.65,10,10,100000,19.4548897,-99.0538781
departamento,Azcapotzalco,598535.93,75,75,8053.333333,19.417028,-99.065176
departamento,Coyoac√°,1039211.75,302,302,3471.688742,19.462425,-99.17654
casa,Tlalpan,3369242.59,80,80,42500,19.306092,-99.113431
departamento,Cuauht√©mo,2010975.1,105,105,19326.98095,19.286214,-99.222026
casa,¡lvaro ObregÛn,2358469.85,250,250,9520,19.408904,-99.174556
departamento,Cuajimalpa,15046800,446,446,1793.721973,19.337902,-99.236776
departamento,Azcapotzalco,909219.25,49,49,18720.44898,19.390415,-99.254997
casa,¡lvaro ObregÛn,2565579.08,290,290,8927.586207,19.484102,-99.18436
departamento,Azcapotzalco,1337787.47,75,75,18000,19.353288,-99.244721
departamento,Iztapalapa,577726.02,56,56,10410.71429,19.474885,-99.188231
departamento,¡lvaro ObregÛn,4240390.05,93,93,46011.82796,19.36994,-99.007399
departamento,¡lvaro ObregÛn,2664850.91,300,300,8963.926667,19.358585,-99.185753
departamento,Benito Ju√°re,1032573.67,70,70,14885.71429,19.337013,-99.197613
departamento,Cuajimalpa,4360196.25,162,162,27160.49383,19.379525,-99.188914
departamento,Iztacalco,1280312.08,80,80,16150,19.35735,-99.299792
departamento,Benito Ju√°re,7828534.43,150,150,52666.66667,19.400731,-99.125466
departamento,Benito Ju√°re,5167307.91,98,98,52727.63173,19.371992,-99.157853
departamento,Cuauht√©mo,4014314.33,110,110,36818.18182,19.390283,-99.1770974
departamento,Cuajimalpa,1689576.01,44,44,38750,19.4124708,-99.1717827
casa,¡lvaro ObregÛn,10927180.26,307,307,35918.34853,19.3563182,-99.2882606
departamento,Miguel Hidalgo,3295842.6,80,80,41574.125,19.371502,-99.232647
casa,Xochimilco,4090965.92,176,176,23450.75568,19.428324,-99.176337
casa,La Magdalena Contreras,3780488.37,527,527,7173.60222,19.272594,-99.137045
departamento,Azcapotzalco,862129.72,70,70,12428.57143,19.29813449,-99.23958041
casa,Azcapotzalco,2774670.35,110,110,25454.54545,19.480501,-99.178139
departamento,Tlalpan,2543381.66,64,64,40103.125,19.472634,-99.197437
departamento,Cuauht√©mo,1169325.38,81,81,14567.90123,19.288275,-99.167125
departamento,Azcapotzalco,1050410.9,60,60,17666.66667,19.352528,-99.217276
departamento,Iztacalco,1853083.38,78,78,23974.35897,19.484102,-99.18436
departamento,Azcapotzalco,1417694.07,90,90,15895.95556,19.402752,-99.098587
departamento,Cuauht√©mo,7929509.74,175,175,45714.28571,19.465454,-99.162665
departamento,Benito Ju√°re,4212551.97,108,108,39351.85185,19.4114169,-99.1739405
departamento,Venustiano Carranza,929514.56,48,48,19541.66667,19.3853063,-99.1521292
departamento,Miguel Hidalgo,8293458.17,255,255,32820.26667,19.414261,-99.104118
departamento,¡lvaro ObregÛn,1387335.08,42,42,33333.33333,19.443152,-99.202733
departamento,Cuauht√©mo,2010975.1,105,105,19326.98095,19.364996,-99.241523
departamento,Tlalpan,1039510.43,95,95,11042.10526,19.408904,-99.174556
departamento,¡lvaro ObregÛn,1238692.07,60,60,20833.33333,19.290953,-99.124863
casa,Iztapalapa,1037528.39,154,154,6798.701299,19.390806,-99.195413
departamento,Cuajimalpa,20814963.31,555,555,37837.83784,19.336441,-99.010132
departamento,¡lvaro ObregÛn,6292556.14,168,168,37797.61905,19.35735,-99.299792
departamento,¡lvaro ObregÛn,4620921.74,146,100,46620,19.3609784,-99.2084005
casa,Tlalpan,2948786.47,240,140,21250,19.390806,-99.195413
departamento,Cuauht√©mo,1387335.08,137,137,10218.9781,19.2865191,-99.2283274
departamento,Miguel Hidalgo,23634873.95,206,206,6100.029126,19.418048,-99.158527
departamento,Miguel Hidalgo,9318923.92,288,288,32652.76042,19.407269,-99.190754
casa,Tlalpan,2171674.92,130,130,16857.69231,19.443178,-99.20237
casa,Miguel Hidalgo,63008475,1100,1200,2791.666667,19.281164,-99.20237
departamento,Miguel Hidalgo,599526.95,70,70,8642.857143,19.4122137,-99.2153341
departamento,Azcapotzalco,805447.11,70,70,11611.42857,19.405883,-99.183079
departamento,Coyoac√°,991188.57,63,63,15873.01587,19.471896,-99.224024
casa,Iztapalapa,1387664.04,252,252,5555.555556,19.309208,-99.171906
casa,Coyoac√°,4905220.87,260,260,19038.46154,19.354297,-98.9978448
departamento,Coyoac√°,896812.97,60,60,15083.33333,19.306892,-99.105556
departamento,Benito Ju√°re,2965924.4,75,75,39906.66667,19.304501,-99.123121
departamento,Cuauht√©mo,4550459.46,64,64,71750,19.39365,-99.14769
departamento,Benito Ju√°re,1248601.52,75,75,16800,19.409369,-99.171906
departamento,¡lvaro ObregÛn,4756577.86,150,150,32000,19.36269,-99.150565
casa,Cuajimalpa,21305505.17,682,682,31524.92669,19.3392293,-99.2189838
departamento,Gustavo A. Madero,2477384.14,208,208,12019.23077,19.395424,-99.258068
departamento,Iztacalco,1683630.27,51,51,33313.72549,19.464712,-99.124872
departamento,Benito Ju√°re,3121504.17,97,97,32474.2268,19.400097,-99.122093
departamento,Azcapotzalco,1441011.15,75,75,19388.88,19.367025,-99.170349
departamento,Tlalpan,1308058.76,65,65,20307.69231,19.484532,-99.207027
casa,Iztacalco,4361230.34,200,450,9777.777778,19.278198,-99.200831
departamento,Iztacalco,715468.56,74,74,9756.756757,19.3972156,-99.0648632
departamento,Cuauht√©mo,979309.88,75,75,13176.66667,19.383251,-99.105499
departamento,Cuauht√©mo,1401208.42,60,60,23566.66667,19.461871,-99.129227
departamento,Cuauht√©mo,5451537.83,164,164,33536.58537,19.422398,-99.167129
departamento,Azcapotzalco,870017.63,52,52,16883.84615,19.41498,-99.177444
departamento,Coyoac√°,1994858.47,63,63,31945.90476,19.484102,-99.18436
departamento,Miguel Hidalgo,13542120,160,160,4500,19.303736,-99.163605
departamento,Miguel Hidalgo,744537.1,75,75,10017.78667,19.407269,-99.190754
casa,Tlalpan,3894448.13,400,400,9736.120325,19.453513,-99.210223
casa,Iztapalapa,3270922.66,160,198,16666.66667,19.30260564,-99.20580268
departamento,¡lvaro ObregÛn,3389061.67,120,120,28500,19.36619489,-99.12114143
departamento,Venustiano Carranza,653038.45,50,50,13180,19.365766,-99.263112
departamento,Coyoac√°,748070.84,76,76,9932.894737,19.439037,-99.119514
casa,Miguel Hidalgo,22301746.27,450,600,37500,19.350214,-99.162146
casa,¡lvaro ObregÛn,3032318.4,300,300,10200,19.4010793,-99.2480728
departamento,¡lvaro ObregÛn,891858.25,66,66,13636.36364,19.367477,-99.222025
departamento,Iztapalapa,653038.45,60,60,10983.33333,19.384327,-99.215523
departamento,Cuauht√©mo,2696054.96,100,100,27206.67,19.317698,-99.061256
departamento,Azcapotzalco,1288545.31,90,90,14444.44444,19.422201,-99.159447
casa,Cuajimalpa,1189426.4,247,247,4858.299595,19.503195,-99.206723
departamento,Cuauht√©mo,4241281.95,74,74,57837.83784,19.364245,-99.302638
departamento,Benito Ju√°re,3171803.93,95,95,33684.21053,19.405298,-99.164986
departamento,Gustavo A. Madero,644119.84,59,59,11016.94915,19.3687777,-99.1897886
departamento,Iztapalapa,596554.08,65,65,9261.538462,19.524143,-99.160149
departamento,Venustiano Carranza,587305.56,40,40,14816.675,19.325608,-99.06112
departamento,Benito Ju√°re,2972861.16,100,100,30000,19.457685,-99.121754
departamento,¡lvaro ObregÛn,1611290.71,70,70,23228.57143,19.3677299,-99.1527773
departamento,Cuauht√©mo,9790254.21,243,243,40656.90535,19.332149,-99.244008
casa,¡lvaro ObregÛn,1501333.59,148,148,10234.32432,19.420103,-99.171297
casa,Azcapotzalco,3171051.78,320,320,10000,19.352528,-99.217276
departamento,Miguel Hidalgo,27272325,220,220,6590.909091,19.481972,-99.199944
departamento,Iztacalco,1684621.29,64,64,26562.5,19.407269,-99.190754
departamento,Coyoac√°,1241628.26,540,540,2319.751852,19.410307,-99.065399
departamento,Benito Ju√°re,4806125.47,112,112,43303.57143,19.334351,-99.11442
casa,Gustavo A. Madero,1852092.36,204,204,9161.764706,19.403489,-99.156312
departamento,Benito Ju√°re,1032573.67,60,60,17366.66667,19.515999,-99.155679
casa,¡lvaro ObregÛn,37617000,1332,619,3231.017771,19.379109,-99.187689
departamento,Miguel Hidalgo,971134.57,85,85,11529.41176,19.34724265,-99.18384176
departamento,Tlalpan,1288239.68,50,50,26000,19.452419,-99.175058
departamento,Cuauht√©mo,4790702.12,83,83,57719.30265,19.287188,-99.170525
departamento,Azcapotzalco,831409.99,60,60,13983.33333,19.4152179,-99.1790121
casa,Gustavo A. Madero,5372242.88,370,370,14648.64865,19.475187,-99.175019
departamento,Miguel Hidalgo,9116774.3,100,100,92000,19.508795,-99.125714
departamento,Benito Ju√°re,2269283.89,120,120,19083.33333,19.438042,-99.188619
departamento,Benito Ju√°re,2675574.95,81,81,33333.33333,19.367931,-99.170262
departamento,Iztapalapa,1139596.67,101,101,11386.13861,19.367424,-99.185753
departamento,Tlalpan,874021.02,76,76,11605.26316,19.314895,-99.09423
departamento,Benito Ju√°re,2632597.15,64,64,41500,19.273716,-99.186416
departamento,Benito Ju√°re,1633091.64,75,75,21973.33333,19.365391,-99.18956
departamento,Iztapalapa,357941.36,43,43,8400.209302,19.396862,-99.172659
departamento,Benito Ju√°re,3171051.78,100,100,32000,19.346609,-99.072311
departamento,Benito Ju√°re,3469160.49,106,106,33018.86792,19.410307,-99.065399
casa,La Magdalena Contreras,2852720.36,294,294,9789.387755,19.37144801,-99.14978743
casa,Gustavo A. Madero,2873765.76,250,250,11600,19.307933,-99.240102
departamento,Miguel Hidalgo,11755312.5,350,350,1785.714286,19.486041,-99.067297
casa,Benito Ju√°re,3864719.42,235,235,16595.74468,19.420166,-99.220367
departamento,Azcapotzalco,1417694.07,85,85,16831.01176,19.422243,-99.127305
departamento,Benito Ju√°re,1780674.42,116,116,15490.77586,19.469418,-99.164299
departamento,Miguel Hidalgo,5848013.48,60,60,98333.33333,19.387782,-99.186194
casa,Coyoac√°,2834799.62,300,300,9533.333333,19.411472,-99.188522
departamento,Benito Ju√°re,8621297.28,213,213,40845.07042,19.311361,-99.109672
departamento,Miguel Hidalgo,34795725,400,400,4625,19.388965,-99.171897
departamento,Xochimilco,1139866.94,53,53,21698.11321,19.39671427,-99.23749298
departamento,Miguel Hidalgo,1129092.49,70,70,16277.14286,19.262049,-99.1138
departamento,Miguel Hidalgo,18714457.5,330,330,3015.151515,19.402944,-99.199727
departamento,Benito Ju√°re,1022664.22,75,75,13760,19.413143,-99.2305521
departamento,Coyoac√°,1174280.1,70,70,16928.57143,19.379525,-99.188914
casa,Benito Ju√°re,5689423.22,206,450,12755.55556,19.346767,-99.123658
casa,Gustavo A. Madero,1882811.91,204,204,9313.72549,19.371992,-99.157853
departamento,Cuauht√©mo,791772.02,23,23,34739.13043,19.515966,-99.15581
casa,Miguel Hidalgo,19344442.75,232,417,45563.54916,19.451994,-99.128867
departamento,Benito Ju√°re,1289261.35,55,55,23655.10909,19.4326577,-99.1774462
casa,¡lvaro ObregÛn,6441199.16,420,325,20000,19.384808,-99.137496
departamento,Miguel Hidalgo,2626027.34,75,75,35333.33333,19.340202,-99.257774
casa,Venustiano Carranza,505386.27,52,52,9807.692308,19.45337,-99.181695
departamento,Benito Ju√°re,3175808.45,63,63,50869.84127,19.455979,-99.122144
departamento,Venustiano Carranza,2214436.42,62,62,36034.22581,19.397397,-99.155802
departamento,¡lvaro ObregÛn,3148953.48,97,97,32759.79381,19.4306069,-99.0949899
casa,Gustavo A. Madero,2724131.73,270,270,10181.48148,19.341894,-99.224525
casa,Coyoac√°,2834127.6,175,175,16342.85714,19.474582,-99.139835
departamento,Tlahuac,720423.29,50,50,14540,19.3929373,-99.2633141
departamento,Cuauht√©mo,3171051.78,100,100,32000,19.283388,-99.055038
departamento,Benito Ju√°re,8028628.66,163,235,34468.08511,19.431629,-99.162762
departamento,Miguel Hidalgo,3295841.66,115,115,28921.12174,19.3864346,-99.1594925
departamento,¡lvaro ObregÛn,28212750,350,350,4285.714286,19.428324,-99.176337
departamento,Miguel Hidalgo,3667398.13,60,60,61666.66667,19.371342,-99.253616
casa,Miguel Hidalgo,19089071.66,600,600,32105.555,19.4445115,-99.1895493
departamento,Miguel Hidalgo,5896174.53,94,94,63297.87234,19.407269,-99.190754
departamento,Benito Ju√°re,8911777.82,157,157,57267.51592,19.429392,-99.181017
casa,Coyoac√°,1904613.03,150,150,12813.33333,19.394358,-99.177444
departamento,Miguel Hidalgo,1028609.96,70,70,14828.57143,19.358008,-99.127094
departamento,Tlalpan,3366507.64,83,83,40560.33301,19.456145,-99.201167
departamento,Tlahuac,564843.51,62,62,9110.379194,19.2998307,-99.1111526
departamento,Iztacalco,887894.36,48,48,18666.66667,19.29423749,-99.0416193
departamento,Benito Ju√°re,1784139.7,110,110,16363.63636,19.410307,-99.065399
departamento,Tlalpan,6143912.94,137,137,45255.47445,19.400785,-99.147419
departamento,Benito Ju√°re,4398399.88,125,125,35500,19.275206,-99.218292
casa,Xochimilco,3151980.15,85,142,22394.3662,19.394358,-99.177444
casa,Venustiano Carranza,1902630.99,312,312,6153.846154,19.2681974,-99.1307421
departamento,¡lvaro ObregÛn,3148953.48,97,97,32759.79381,19.444992,-99.108269
departamento,¡lvaro ObregÛn,1425982.41,90,90,15988.88889,19.341894,-99.224525
departamento,Benito Ju√°re,699702.34,85,85,8306.941176,19.334546,-99.207876
casa,Cuauht√©mo,7729439.02,557,557,14003.59066,19.370272,-99.149127
casa,Gustavo A. Madero,2279193.52,200,200,11500,19.417539,-99.136296
departamento,Miguel Hidalgo,3171051.78,126,126,25396.8254,19.516777,-99.160149
departamento,Azcapotzalco,2081496.25,150,150,14000,19.437841,-99.220367
departamento,Coyoac√°,511564.86,70,70,7374.785714,19.48527,-99.200287
casa,¡lvaro ObregÛn,14597020.86,149,429,34336.30536,19.307417,-99.125191
casa,Gustavo A. Madero,1769271.77,128,128,13945.3125,19.357464,-99.207909
departamento,Benito Ju√°re,1693869.81,75,75,22791.10667,19.492686,-99.097877
casa,Iztapalapa,1234029.82,148,148,8412.162162,19.384808,-99.155339
casa,Miguel Hidalgo,954110.06,100,100,9628.2,19.359004,-99.092622
departamento,Cuauht√©mo,4241281.95,75,75,57066.66667,19.397059,-99.184501
casa,Tlalpan,2834127.6,160,160,17875,19.409095,-99.163216
casa,Tlalpan,3676438.24,354,354,10480.22599,19.300714,-99.12215
departamento,Cuauht√©mo,6938320.98,165,165,42424.24242,19.275756,-99.207832
departamento,Gustavo A. Madero,1295176.44,51,51,25627.45098,19.4097609,-99.1686282
casa,Gustavo A. Madero,2190527.06,12,12,184166.6667,19.473415,-99.143539
casa,La Magdalena Contreras,8573782.5,145,235,36808.51064,19.4669373,-99.1013994
departamento,Cuauht√©mo,8274463.46,147,147,56802.72109,19.304898,-99.241515
casa,Tlalpan,12389859,500,500,24779.718,19.430132,-99.169144
casa,Coyoac√°,6441199.16,232,431,15081.2065,19.2831289,-99.2217537
departamento,Cuauht√©mo,1033564.69,89,89,11719.10112,19.3073525,-99.1061901
departamento,Benito Ju√°re,4262111.42,136,136,31617.64706,19.44673,-99.161695
casa,Iztapalapa,3096730.37,518,518,6032.818533,19.394358,-99.177444
casa,Cuajimalpa,1189144.46,180,180,6666.666667,19.337688,-99.059181
departamento,Coyoac√°,9909537.15,293,293,34129.69283,19.364245,-99.302638
casa,Gustavo A. Madero,1177532.09,106,106,11207.54717,19.354509,-99.149765
departamento,Gustavo A. Madero,2743708.74,82,82,33459.86268,19.469688,-99.085456
casa,Xochimilco,3815171.81,263,263,14638.78327,19.5010872,-99.1230477
departamento,Benito Ju√°re,2477971.72,100,100,25000,19.28127,-99.132254
departamento,Tlahuac,638174.09,60,60,10733.33333,19.3898619,-99.1674138
departamento,Cuajimalpa,10801395.59,212,212,51415.09434,19.302076,-99.049427
departamento,Azcapotzalco,1753987.98,69,69,25652.17391,19.392874,-99.264987
departamento,Benito Ju√°re,2675574.95,55,55,49090.90909,19.472155,-99.161186
departamento,Cuauht√©mo,979934.32,52,52,19016.92308,19.372684,-99.183678
casa,Coyoac√°,1826327.54,89,89,20707.86517,19.456439,-99.144414
departamento,Benito Ju√°re,1714349.82,200,200,8650,19.350214,-99.162146
departamento,Cuajimalpa,13165950,410,410,1707.317073,19.401507,-99.14682
casa,¡lvaro ObregÛn,56425500,1250,1200,2500,19.390415,-99.254997
departamento,Benito Ju√°re,3071956.38,90,90,34444.44444,19.320575,-99.20929
departamento,¡lvaro ObregÛn,1031252.75,66,66,15767.68182,19.368475,-99.17952
departamento,Iztapalapa,1040748.03,98,98,10714.28571,19.368823,-99.224603
departamento,¡lvaro ObregÛn,4241395.55,65,65,65832.30769,19.3549174,-99.0993735
departamento,Benito Ju√°re,2676209.55,119,119,22689.07563,19.358585,-99.185753
departamento,Benito Ju√°re,999824.68,90,90,11210.57778,19.37038202,-99.14932823
casa,¡lvaro ObregÛn,3180961.41,300,300,10700,19.395097,-99.150424
departamento,Iztapalapa,505386.27,64,64,7968.75,19.365271,-99.232466
departamento,Benito Ju√°re,3963814.82,106,106,37735.84906,19.320269,-99.055412
departamento,Cuauht√©mo,1139596.67,65,65,17692.30769,19.367745,-99.180127
casa,Coyoac√°,6718666.29,240,240,28250,19.468092,-99.088883
departamento,Iztapalapa,475968.65,60,60,8003.333333,19.338417,-99.156145
casa,Iztapalapa,1105408.83,100,100,11155,19.359004,-99.092622
casa,Azcapotzalco,5787169.68,160,320,18250,19.325155,-99.088905
departamento,Benito Ju√°re,8621297.28,360,270,32222.22222,19.484102,-99.18436
departamento,Miguel Hidalgo,16295684.4,152,152,5700,19.3769448,-99.1651109
casa,Miguel Hidalgo,25391475,700,700,1928.571429,19.432609,-99.1941739
departamento,Cuauht√©mo,2942488.44,52,52,57102.88462,19.402305,-99.240641
departamento,Tlalpan,693832.02,71,71,9859.15493,19.405298,-99.164986
departamento,Benito Ju√°re,3002589.69,127,127,23858.26772,19.28182217,-99.18764267
departamento,Cuauht√©mo,387131.78,70,70,5580.942857,19.391074,-99.165737
departamento,Miguel Hidalgo,22852327.5,256,184,6603.26087,19.418844,-99.132357
departamento,Azcapotzalco,558289.31,70,70,8048.371429,19.4368736,-99.1973268
casa,Miguel Hidalgo,169276500,1200,1600,5625,19.484102,-99.18436
casa,¡lvaro ObregÛn,8918583.49,187,307,29315.96091,19.3818873,-99.2202827
departamento,Benito Ju√°re,4341406.55,85,85,51529.41176,19.358585,-99.185753
departamento,Iztacalco,626282.61,70,70,9028.571429,19.3943574,-99.1774462
departamento,Cuauht√©mo,1050410.9,53,53,20000,19.397649,-99.093087
casa,¡lvaro ObregÛn,4558387.05,350,350,13142.85714,19.408805,-99.129702
departamento,Benito Ju√°re,1768425.2,57,57,31308.22807,19.33923,-99.218987
departamento,Iztapalapa,872039.17,75,75,11733.33333,19.3499358,-99.2906864
departamento,Benito Ju√°re,4954768.48,110,110,45454.54545,19.313878,-99.094271
departamento,Benito Ju√°re,960667.08,60,60,16157.28333,19.427922,-99.160613
departamento,Benito Ju√°re,1693869.81,90,90,18992.58889,19.392025,-99.135302
casa,Gustavo A. Madero,3156187.61,289,289,11020.76125,19.384808,-99.155339
departamento,¡lvaro ObregÛn,878853.3,75,75,11822.21333,19.50772,-99.121305
casa,Gustavo A. Madero,3156936,200,200,15925,19.361114,-99.222666
departamento,Gustavo A. Madero,1988844.08,60,60,33450,19.50772,-99.121305
departamento,Benito Ju√°re,3071956.38,100,100,31000,19.493973,-99.130394
departamento,Cuajimalpa,6260161.89,110,110,57430.09091,19.394073,-99.153915
departamento,¡lvaro ObregÛn,4568197.57,130,130,35460.76923,19.371342,-99.253616
departamento,¡lvaro ObregÛn,1962088.23,65,65,30461.53846,19.390806,-99.195413
casa,Gustavo A. Madero,1535978.09,210,210,7380.952381,19.386852,-99.194748
departamento,Miguel Hidalgo,16790460.8,168,168,5313.72619,19.546144,-99.13029
departamento,¡lvaro ObregÛn,957921.23,103,103,9385.106796,19.4330857,-99.2005645
casa,Azcapotzalco,3936216.73,330,330,12036.81818,19.38499,-99.227853
departamento,Benito Ju√°re,6936675.98,330,330,21212.12121,19.47517,-99.152534
departamento,¡lvaro ObregÛn,3518719.94,100,100,35500,19.365528,-99.17952
departamento,Azcapotzalco,600516.84,70,70,8657.128571,19.3392293,-99.2189838
departamento,¡lvaro ObregÛn,607784.45,60,60,10222.21667,19.490331,-99.207579
casa,Cuauht√©mo,4678748.29,319,319,14800.81505,19.3821,-99.204573
departamento,Miguel Hidalgo,7830390.83,105,105,75238.09524,19.411685,-99.166322
casa,Miguel Hidalgo,13179684.53,490,725,18344.82759,19.407269,-99.190754
departamento,Venustiano Carranza,767989.04,62,62,12386.92,19.5462484,-99.131088
casa,Miguel Hidalgo,22791935.66,920,920,25000,19.42258851,-99.09567654
departamento,Cuauht√©mo,743391.47,15,66,11363.63636,19.405625,-99.237868
departamento,Iztapalapa,534123.97,69,69,7811.594203,19.461416,-99.133163
departamento,Cuajimalpa,9414060.32,330,330,28787.87879,19.363469,-99.010141
casa,Benito Ju√°re,10971839.54,150,150,73813.33333,19.364005,-99.153602
departamento,Benito Ju√°re,3072685.02,99,99,31313.13131,19.3023508,-99.1679459
departamento,Cuauht√©mo,1496694.85,75,75,20133.33333,19.37479206,-99.13727079
casa,Iztapalapa,1783716.69,120,120,15000,19.440749,-99.141649
departamento,Cuauht√©mo,409939.53,55,55,7521.490909,19.346931,-99.025154
casa,Benito Ju√°re,10407481.65,250,250,42000,19.45178,-99.15709
departamento,Miguel Hidalgo,5162868.92,85,85,61294.11765,19.381729,-99.164986
departamento,Benito Ju√°re,2220727.3,107,107,20943.92523,19.443333,-99.202983
casa,¡lvaro ObregÛn,93149650.53,113100,113100,831.1229001,19.39557,-99.132937
departamento,Azcapotzalco,1436882.88,64,64,22656.25,19.3447,-99.212753
casa,Miguel Hidalgo,47021250,1100,800,3125,19.478815,-99.196831
casa,Gustavo A. Madero,1585525.89,210,210,7619.047619,19.420166,-99.220367
departamento,Venustiano Carranza,460051.2,85,85,5461.776471,19.546411,-99.130511
departamento,Tlalpan,579970.25,110,110,5319.327273,19.409843,-99.125509
casa,Coyoac√°,1855154.39,193,193,9699.948187,19.282895,-99.166933
casa,Benito Ju√°re,7243871.64,442,442,16538.46154,19.338268,-99.128173
casa,Iztapalapa,1982377.34,118,385,5194.805195,19.395451,-99.183774
casa,Iztacalco,2534138.42,150,150,17044.44,19.359004,-99.092622
departamento,Coyoac√°,4227142.47,86,86,49152.81942,19.378562,-99.130993
departamento,Benito Ju√°re,3616981,85,85,42941.17647,19.30282,-99.164293
departamento,Cuauht√©mo,1833264.3,126,126,14682.53968,19.401331,-99.154029
departamento,Miguel Hidalgo,3295841.66,115,115,28921.12174,19.425758,-99.174333
departamento,Benito Ju√°re,2626027.34,83,83,31927.71084,19.428324,-99.176337
departamento,¡lvaro ObregÛn,9713649.44,240,120,81666.66667,19.365031,-99.147736
departamento,Xochimilco,1326316.17,90,90,14871.37778,19.320576,-99.20929
departamento,Coyoac√°,2018572.6,108,108,18861.11111,19.273713,-99.120741
departamento,Miguel Hidalgo,47021250,325,325,7692.307692,19.309713,-99.1262
departamento,Coyoac√°,1633745.61,80,80,20608.25,19.407269,-99.190754
departamento,Benito Ju√°re,2071093.27,93,93,22473.11828,19.348122,-99.125716
departamento,Cuauht√©mo,1430937.13,75,75,19253.33333,19.387579,-99.170353
departamento,Cuajimalpa,10801395.59,221,221,49321.26697,19.404442,-99.162688
departamento,Benito Ju√°re,3043714.28,106,106,28976.41509,19.393557,-99.265242
casa,Iztacalco,2069881.25,220,220,9494.440909,19.362511,-99.166374
departamento,Benito Ju√°re,1535978.09,74,74,20945.94595,19.396669,-99.067626
departamento,Benito Ju√°re,4806125.47,122,122,39754.09836,19.384506,-99.135865
casa,Iztapalapa,2421325.97,250,250,9773.72,19.390912,-99.172242
departamento,Miguel Hidalgo,19323597.66,180,180,108333.3333,19.362488,-99.108269
casa,Iztacalco,2725122.75,140,140,19642.85714,19.362619,-99.265706
departamento,Gustavo A. Madero,594713.1,69,69,8695.652174,19.379863,-99.123453
casa,Cuajimalpa,12684207.7,265,265,48301.88679,19.505199,-99.155991
departamento,Miguel Hidalgo,1090307.49,24,73,15068.49315,19.390415,-99.254997
departamento,Cuauht√©mo,4147141.27,80,80,52312.5,19.3883217,-99.1862188
departamento,Miguel Hidalgo,1962088.23,127,127,15590.55118,19.414597,-99.156686
casa,¡lvaro ObregÛn,28248878.68,420,460,61956.52174,19.399028,-99.175227
casa,Cuauht√©mo,4262111.42,300,308,13961.03896,19.390806,-99.195413
departamento,Benito Ju√°re,1528050.5,95,95,16231.57895,19.4615578,-99.130454
casa,Miguel Hidalgo,13381047.76,153,153,88235.29412,19.362864,-99.173988
casa,Cuajimalpa,1189144.46,180,180,6666.666667,19.407269,-99.190754
casa,Cuauht√©mo,4361230.34,240,388,11340.20619,19.364245,-99.302638
departamento,Azcapotzalco,1768852.34,65,65,27461.53846,19.46258802,-99.13285194
casa,Azcapotzalco,1288239.68,96,96,13541.66667,19.472155,-99.161186
departamento,Coyoac√°,1863434.64,133,133,14135.33835,19.469769,-99.157379
departamento,Iztapalapa,713486.52,56,56,12857.14286,19.31527185,-99.10758555
casa,Tlalpan,3537704.68,130,130,27461.53846,19.391754,-99.056058
departamento,¡lvaro ObregÛn,8918583.49,188,188,47872.34043,19.277746,-99.167284
departamento,Gustavo A. Madero,1988844.08,60,60,33450,19.3634215,-99.27632332
departamento,¡lvaro ObregÛn,693667.44,75,75,9333.333333,19.493973,-99.130394
departamento,Cuauht√©mo,3121504.17,37,37,85135.13514,19.390806,-99.195413
departamento,Benito Ju√°re,1337787.47,70,70,19285.71429,19.415513,-99.179369
departamento,Miguel Hidalgo,3295841.66,100,100,33259.29,19.383446,-99.137643
departamento,Coyoac√°,998959.49,75,75,13437.86667,19.428324,-99.176337
departamento,Venustiano Carranza,510340.99,60,60,8583.333333,19.324386,-99.124228
casa,Gustavo A. Madero,2378288.93,190,280,8571.428571,19.452689,-99.117987
departamento,Iztapalapa,946585.15,72,72,13263.88889,19.476545,-99.066788
departamento,Cuauht√©mo,6243008.35,128,128,49218.75,19.3915,-99.038137
departamento,Coyoac√°,3568279.4,180,180,20000,19.4070717,-99.1621603
casa,¡lvaro ObregÛn,7134866.79,220,220,32431.21268,19.3428273,-99.1522157
casa,¡lvaro ObregÛn,700222.21,395,395,1788.473418,19.3396614,-99.2373007
departamento,Miguel Hidalgo,3269651.77,122,122,27045.08197,19.342911,-99.224472
departamento,Venustiano Carranza,1852687.09,89,89,21006.74157,19.449148,-99.175534
departamento,Benito Ju√°re,5090642.78,104,104,48948.48827,19.436264,-99.099608
departamento,Venustiano Carranza,346916.01,60,60,5833.333333,19.3866412,-99.1805935
departamento,Coyoac√°,5401978.56,180,180,30277.77778,19.422676,-99.097893
departamento,Iztacalco,877104.86,64,64,13829.875,19.3049333,-99.1836755
departamento,Venustiano Carranza,607123.52,70,70,8752.371429,19.395901,-99.097612
departamento,Benito Ju√°re,4776050.11,136,136,35438.60294,19.457685,-99.121754
departamento,Azcapotzalco,729341.9,65,65,11323.07692,19.382013,-99.188522
departamento,Iztapalapa,639316.71,47,47,13723.40426,19.511198,-99.200576
casa,La Magdalena Contreras,1106895.27,72,72,15513.88889,19.3916358,-99.0557268
departamento,Benito Ju√°re,2774670.35,85,85,32941.17647,19.306983,-99.1804
departamento,Tlalpan,4955943.63,120,120,41666.66667,19.371992,-99.157853
casa,¡lvaro ObregÛn,20418487.85,800,660,31212.12121,19.3024064,-99.2018433
departamento,Miguel Hidalgo,489531.08,60,60,8233.333333,19.3228543,-99.2059887
departamento,Miguel Hidalgo,7283509.8,115,115,63913.04348,19.404918,-99.1978
departamento,Iztacalco,554934.07,45,45,12444.44444,19.437991,-99.188609
casa,¡lvaro ObregÛn,4905220.87,272,272,18198.52941,19.402752,-99.098587
departamento,Benito Ju√°re,1615254.41,78,78,20897.4359,19.33981,-99.216052
departamento,Cuauht√©mo,802672.48,58,58,13965.51724,19.396893,-99.152302
departamento,Gustavo A. Madero,346916.01,45,45,7777.777778,19.443178,-99.144234
departamento,Tlahuac,364757.37,45,45,8177.777778,19.4873329,-99.1236134
departamento,Cuajimalpa,13967192.1,285,285,2605.614035,19.270566,-99.004846
casa,Gustavo A. Madero,3963814.82,180,226,17699.11504,19.35735,-99.299792
departamento,Benito Ju√°re,2282496.3,75,75,30711.10667,19.482945,-99.113471
casa,¡lvaro ObregÛn,2972861.16,220,220,13636.36364,19.397686,-99.161395
departamento,Cuauht√©mo,1507300.58,50,50,30414,19.365271,-99.232466
departamento,Miguel Hidalgo,13704890.07,167,167,82814.37126,19.45553305,-99.16339561
departamento,Benito Ju√°re,2947420.41,70,70,42490.38571,19.448187,-99.161176
casa,Coyoac√°,3964754.87,94,232,17241.37931,19.386821,-99.164805
departamento,Cuauht√©mo,1129955.05,67,67,17014.92537,19.3393661,-99.1455392
departamento,Iztacalco,831409.99,50,50,16780,19.461306,-99.127826
departamento,Benito Ju√°re,3131413.62,70,70,45142.85714,19.419427,-99.067675
casa,Benito Ju√°re,14719152.54,384,629,23608.90302,19.384365,-99.156091
casa,Gustavo A. Madero,2992680.24,400,400,7550,19.38155587,-99.17294662
departamento,Cuauht√©mo,1224448.02,340,340,3633.332353,19.473623,-99.124863
departamento,Tlalpan,971134.57,63,63,15555.55556,19.416847,-99.154596
casa,¡lvaro ObregÛn,2338650.77,115,115,20521.73913,19.194247,-99.141976
departamento,Coyoac√°,2471776.76,94,94,26529.25532,19.364233,-99.243773
casa,La Magdalena Contreras,5767350.6,136,136,42794.11765,19.33388802,-99.15132701
departamento,Azcapotzalco,1535978.09,67,67,23134.32836,19.325355,-99.232561
departamento,Miguel Hidalgo,6401382.69,108,108,59813.14815,19.474223,-99.18722
departamento,Benito Ju√°re,2577090.63,78,78,33333.33333,19.4032833,-99.1821858
departamento,Cuauht√©mo,3865635.95,122,122,31967.21311,19.38250406,-99.15803991
departamento,Azcapotzalco,805447.11,75,75,10837.33333,19.408697,-99.181012
casa,Iztapalapa,649942.2,57,57,11503.85965,19.489901,-99.192497
casa,¡lvaro ObregÛn,27746704.33,750,750,37333.33333,19.325894,-99.059696
departamento,Benito Ju√°re,1755460.5,90,90,19678.51111,19.353921,-99.190427
departamento,Iztacalco,1040501.26,64,64,16406.25,19.39177,-99.159996
casa,¡lvaro ObregÛn,14867830.91,500,500,30000,19.385994,-99.106613
departamento,Iztacalco,2180098.12,83,83,26506.0241,19.341894,-99.224525
departamento,Cuauht√©mo,1486430.48,50,50,30000,19.368808,-99.112954
departamento,Coyoac√°,887597.18,66,66,13571.21212,19.404661,-99.133858
departamento,Miguel Hidalgo,667241.69,60,60,11222.21667,19.30241,-99.109299
departamento,Miguel Hidalgo,3934086.29,51,51,77843.13725,19.455894,-99.18355
departamento,Cuauht√©mo,4459291.65,120,120,37500,19.440935,-99.188522
casa,Miguel Hidalgo,6434136,230,230,28223.18696,19.41498,-99.177444
departamento,Iztapalapa,475842.07,80,80,6002.325,19.417168,-99.230481
departamento,Benito Ju√°re,3849855.06,121,121,32107.43802,19.383948,-99.067884
casa,Coyoac√°,14864305.82,328,328,45731.70732,19.368182,-99.176664
departamento,Benito Ju√°re,2675574.95,55,55,49090.90909,19.353813,-99.163605
casa,Iztapalapa,1169352.09,148,148,7973.155405,19.372684,-99.183678
casa,Tlalpan,7209188.2,237,237,30696.20253,19.357477,-99.075537
departamento,Venustiano Carranza,516970.61,50,50,10433.8,19.3402891,-99.1989148
casa,La Magdalena Contreras,8772020.14,270,270,32777.77778,19.422817,-99.058911
casa,Gustavo A. Madero,1929981.37,250,250,7790.4,19.315818,-99.227843
departamento,¡lvaro ObregÛn,5097779.1,106,106,48531.28302,19.480841,-99.067085
departamento,Tlahuac,1004371.45,60,60,16888.33333,19.331932,-99.246689
departamento,Coyoac√°,1608647.74,110,110,14757.57273,19.2990233,-99.0436467
departamento,Benito Ju√°re,8364640.25,220,314,26882.16561,19.347664,-99.125001
departamento,Miguel Hidalgo,812185.63,45,45,18213.33333,19.381729,-99.164986
departamento,Gustavo A. Madero,1981907.31,58,58,34482.75862,19.399689,-99.188522
casa,Miguel Hidalgo,6434136,426,426,15237.87089,19.492992,-99.149765
departamento,Benito Ju√°re,2836902.23,73,73,39216.43836,19.423365,-99.224539
casa,Cuajimalpa,1649563,220,220,7564.668182,19.3596034,-99.1514055
departamento,Benito Ju√°re,2675574.95,82,82,32926.82927,19.360048,-99.299593
departamento,Benito Ju√°re,5055053.14,101,101,50506.93069,19.381729,-99.164986
casa,Cuauht√©mo,1615637.54,218,218,7477.06422,19.39365,-99.14769
casa,Coyoac√°,1936472.18,120,141,13859.21986,19.41821,-99.152376
departamento,Coyoac√°,2824217.96,78,78,36538.46154,19.31260897,-99.12281916
departamento,Cuauht√©mo,604481.67,66,66,9242.424242,19.322523,-99.141464
departamento,Benito Ju√°re,2269283.89,120,120,19083.33333,19.446253,-99.157519
departamento,Benito Ju√°re,2643071.6,61,61,43724.59016,19.367931,-99.170262
departamento,Benito Ju√°re,3270147.18,100,100,33000,19.364891,-99.148384
departamento,Benito Ju√°re,763034.32,53,53,14528.30189,19.394358,-99.177444
casa,La Magdalena Contreras,773447.27,70,70,11147.47143,19.383599,-99.190834
departamento,Iztapalapa,1387664.04,98,98,14159.83714,19.272198,-99.220178
departamento,Cuajimalpa,5062875.03,117,117,43657.11111,19.3305971,-99.0536536
departamento,Iztacalco,715468.56,74,74,9756.756757,19.3503274,-99.2989735
departamento,Cuauht√©mo,872039.17,90,90,9777.777778,19.383251,-99.105499
departamento,Benito Ju√°re,2635471.09,62,62,42895.64516,19.427118,-99.141954
departamento,Benito Ju√°re,1132989.99,80,80,14291.6625,19.39912,-99.141464
departamento,La Magdalena Contreras,4072253.53,69,69,59018.1671,19.398983,-99.154034
departamento,Benito Ju√°re,2328741.13,90,90,26111.11111,19.315498,-99.220634
departamento,Benito Ju√°re,1694530.74,90,90,19000,19.387131,-99.147493
departamento,Benito Ju√°re,1588994.17,75,75,21380,19.384371,-99.135965
departamento,Cuauht√©mo,4842219.35,66,66,73366.95985,19.39557,-99.132937
casa,Gustavo A. Madero,4459291.65,160,160,28125,19.4151638,-99.1789099
departamento,Miguel Hidalgo,1962553.55,127,127,15590.55118,19.482945,-99.113471
departamento,Benito Ju√°re,1289260.41,64,64,20328.59375,19.400249,-99.177444
departamento,Miguel Hidalgo,2478962.93,85,85,29423.52941,19.383446,-99.137643
casa,Xochimilco,11894264.61,711,290,41379.31034,19.434723,-99.175887
departamento,Benito Ju√°re,831409.99,70,70,11985.71429,19.263462,-99.104913
departamento,Venustiano Carranza,624796.17,54,54,11675.92593,19.382649,-99.143384
casa,¡lvaro ObregÛn,13876642.15,177,400,35000,19.406759,-99.125172
departamento,Miguel Hidalgo,47265760.5,349,349,7200.573066,19.355921,-99.180214
departamento,Azcapotzalco,895822.14,60,60,15066.66667,19.433077,-99.198212
departamento,Benito Ju√°re,872246.06,70,70,12571.42857,19.49662,-99.185876
departamento,Benito Ju√°re,5844349.02,121,121,48729.77686,19.39617,-99.13791
casa,Cuajimalpa,2972861.16,150,150,20000,19.394358,-99.177444
departamento,Benito Ju√°re,3270147.18,127,127,25984.25197,19.401079,-99.24807
departamento,Benito Ju√°re,1486430.48,65,65,23076.92308,19.39177,-99.159996
casa,Gustavo A. Madero,4459291.65,296,296,15202.7027,19.370046,-99.146155
departamento,Benito Ju√°re,3616981,85,85,42941.17647,19.523924,-99.151918
casa,¡lvaro ObregÛn,1714349.82,90,90,19222.22222,19.3618265,-99.1542053
departamento,Iztapalapa,973720.93,110,110,8932.818182,19.35667,-99.235854
departamento,¡lvaro ObregÛn,883148.97,60,60,14850,19.308573,-99.07088
departamento,Cuauht√©mo,3567433.39,89,89,40449.4382,19.359901,-99.189606
departamento,Cuauht√©mo,1496340.12,80,80,18875,19.417364,-99.159454
departamento,Benito Ju√°re,1458287.33,85,85,17312.94118,19.427754,-99.171109
casa,Xochimilco,1832934.4,150,150,12331.11333,19.396705,-99.181902
departamento,¡lvaro ObregÛn,2972861.16,100,100,30000,19.263462,-99.104913
departamento,Tlalpan,1773807.06,57,57,31403.50877,19.340202,-99.257774
departamento,Benito Ju√°re,2417584.59,62,62,39339.93548,19.298168,-99.113106
casa,Miguel Hidalgo,7334048.43,420,420,17621.42857,19.39912,-99.141464
casa,Coyoac√°,4628851.22,275,327,14281.34557,19.401079,-99.24807
departamento,Benito Ju√°re,1694530.74,70,70,24428.57143,19.3439785,-99.1248628
departamento,Miguel Hidalgo,744206.07,59,59,12728.81356,19.369509,-99.172532
departamento,Cuauht√©mo,624448.78,50,50,12600,19.456595,-99.20456
casa,¡lvaro ObregÛn,4347353.61,360,360,12183.33333,19.4179232,-99.1483827
departamento,Miguel Hidalgo,8293458.17,255,255,32820.26667,19.367024,-99.180497
casa,Tlalpan,2834127.6,140,140,20428.57143,19.443178,-99.20237
casa,Tlahuac,1585901.87,110,220,7272.727273,19.300504,-99.122136
departamento,Coyoac√°,610805.09,86,86,7165.523256,19.270566,-99.004846
departamento,Miguel Hidalgo,3575911.51,97,97,37192.78351,19.307754,-99.12497
departamento,Iztacalco,812581.93,50,50,16400,19.3813197,-99.1996895
departamento,Cuauht√©mo,1219864.01,80,80,15387.5,19.410307,-99.065399
casa,Miguel Hidalgo,37617000,413,550,3636.363636,19.461871,-99.129227
departamento,Gustavo A. Madero,646774.66,60,60,10877.98333,19.420166,-99.220367
casa,Cuajimalpa,13876642.15,500,420,33333.33333,19.527836,-99.169827
casa,Gustavo A. Madero,1080233.65,148,148,7365.506757,19.4037619,-99.2513326
departamento,Iztapalapa,347926.96,42,42,8357.619048,19.456919,-99.105499
departamento,Benito Ju√°re,2540230.68,93,79,31582.27848,19.359004,-99.092622
departamento,¡lvaro ObregÛn,882939.64,80,80,11137.5,19.3638234,-99.1444714
casa,Miguel Hidalgo,16846213.33,291,291,58419.24399,19.359897,-99.18956
departamento,Benito Ju√°re,1672729.8,45,45,37511.11111,19.420166,-99.220367
departamento,Iztapalapa,518268.78,44,44,11886.36364,19.371992,-99.157853
departamento,Miguel Hidalgo,1129325.53,70,70,16280.5,19.346609,-99.072311
tienda,Cuauht√©mo,4211553.23,355,355,11971.83099,19.445816,-99.170462
departamento,Miguel Hidalgo,4261101.03,60,60,71666.66667,19.441646,-99.151884
departamento,Benito Ju√°re,3616981,85,85,42941.17647,19.407269,-99.190754
casa,¡lvaro ObregÛn,5539431.27,297,297,18821.54882,19.368544,-99.163605
departamento,Cuauht√©mo,1530496.35,60,60,25735.03333,19.340695,-99.211606
departamento,Benito Ju√°re,3071956.38,100,100,31000,19.444865,-99.156877
departamento,¡lvaro ObregÛn,1813445.22,62,62,29516.12903,19.381729,-99.164986
departamento,Miguel Hidalgo,495594.19,42,42,11904.7619,19.377369,-99.198052
departamento,Coyoac√°,1163890.85,70,70,16778.8,19.444584,-99.174675
departamento,Benito Ju√°re,17837166.99,567,567,31746.03175,19.352333,-99.121169
departamento,Miguel Hidalgo,744206.07,59,59,12728.81356,19.390525,-99.179751
departamento,Coyoac√°,2006681.12,60,60,33750,19.456595,-99.20456
departamento,Iztacalco,946585.15,76,76,12565.78947,19.328833,-99.133163
casa,¡lvaro ObregÛn,2592334.92,150,150,17440,19.4113101,-99.064722
departamento,Iztacalco,1164316.11,44,44,26703.29545,19.359668,-99.220902
departamento,Iztacalco,842310.64,56,56,15178.57143,19.443486,-99.211871
departamento,Gustavo A. Madero,646101.69,69,69,9449.275362,19.392349,-99.07093
casa,Iztapalapa,1783716.69,150,280,6428.571429,19.504602,-99.153096
casa,Iztapalapa,1981907.31,484,253,7905.13834,19.34343,-98.988029
casa,Miguel Hidalgo,18808500,470,550,1818.181818,19.3211179,-99.0755302
casa,Cuauht√©mo,13110317.84,550,550,24054.54545,19.40457976,-99.2446129
departamento,¡lvaro ObregÛn,647423.74,55,55,11878.8,19.450604,-99.144306
departamento,Benito Ju√°re,2272586.85,90,90,25481.47778,19.384327,-99.215523
casa,Gustavo A. Madero,651056.41,59,59,11135.59322,19.40099,-99.161174
departamento,Azcapotzalco,2332901.01,66,66,35346.985,19.515243,-99.132178
departamento,Cuauht√©mo,4390618.62,98,98,45211.22449,19.4653758,-99.1589568
departamento,Benito Ju√°re,2269283.89,90,90,25444.44444,19.407187,-99.172405
casa,Venustiano Carranza,1248601.52,79,79,15949.36709,19.400959,-99.162199
departamento,Venustiano Carranza,653038.45,50,50,13180,19.445241,-99.102692
departamento,Tlahuac,1564502.12,127,127,12428.4252,19.439037,-99.119514
casa,Miguel Hidalgo,5630559.39,195,195,29138.25641,19.2990233,-99.0436467
departamento,Benito Ju√°re,4784479.14,118,118,40916.57627,19.400249,-99.177444
departamento,¡lvaro ObregÛn,1872902.46,115,115,16434.78261,19.381729,-99.164986
casa,La Magdalena Contreras,11891444.66,252,252,47619.04762,19.378233,-99.2054
departamento,Miguel Hidalgo,7855909.45,243,243,32623.97119,19.304898,-99.241515
departamento,Iztapalapa,830720.47,49,49,17108.2449,19.443851,-99.202732
departamento,Cuajimalpa,14173998.7,226,226,63274.33628,19.357981,-99.080612
casa,Xochimilco,1783716.69,108,108,16666.66667,19.390415,-99.254997
departamento,Miguel Hidalgo,1709395.09,70,70,24642.85714,19.26328,-99.118411
departamento,Benito Ju√°re,743215.24,90,90,8333.333333,19.445816,-99.170462
casa,Gustavo A. Madero,1858038.11,200,200,9375,19.387651,-99.142257
departamento,Venustiano Carranza,475386.9,62,42,11419.35714,19.467705,-99.066788
departamento,Cuauht√©mo,8274463.46,147,147,56802.72109,19.4306069,-99.0949899
departamento,Azcapotzalco,1026627.92,60,60,17266.66667,19.430132,-99.169144
departamento,Cuauht√©mo,8474663.58,135,135,63333.33333,19.464437,-99.175369
departamento,Coyoac√°,1326887.01,42,42,31880.95238,19.441646,-99.151884
departamento,Miguel Hidalgo,9116774.3,144,144,63310.93264,19.350214,-99.162146
departamento,¡lvaro ObregÛn,1425982.41,70,70,20557.14286,19.4336394,-99.1871364
casa,Benito Ju√°re,4063358.24,200,200,20497.4,19.334546,-99.207876
departamento,Benito Ju√°re,1719304.54,197,197,8807.106599,19.362864,-99.173988
departamento,¡lvaro ObregÛn,2136011.56,60,60,35916.66667,19.39868,-99.132459
departamento,Coyoac√°,1609029.36,85,85,19098.03529,19.3605334,-99.2267067
departamento,Benito Ju√°re,4465831.93,117,117,38517.94872,19.347664,-99.125001
casa,Venustiano Carranza,5628636.6,350,350,16224.78,19.3978,-99.175813
casa,Iztapalapa,1981907.31,130,130,15245.44085,19.423249,-99.114297
departamento,Tlahuac,356827.9,56,56,6428.571429,19.3433456,-99.0233065
casa,Tlalpan,1581562,100,100,15960,19.301945,-99.0495332
departamento,Benito Ju√°re,1486430.48,100,100,15000,19.26723,-99.155769
departamento,Tlahuac,616238.3,60,60,10364.4,19.316264,-99.131627
departamento,Gustavo A. Madero,3517885.6,120,120,29583.33333,19.29312,-99.052935
casa,¡lvaro ObregÛn,734470.79,150,150,4940,19.498335,-99.131701
casa,Coyoac√°,2417927.09,210,210,11619.04762,19.380474,-99.245664
casa,La Magdalena Contreras,14567019.8,553,553,26582.27848,19.335068,-99.138237
casa,¡lvaro ObregÛn,5953273.75,260,260,23100.75385,19.315096,-99.261279
departamento,Miguel Hidalgo,16350736.5,225,225,73333.33333,19.338718,-99.252605
departamento,Benito Ju√°re,1248601.52,80,80,15750,19.426538,-99.223946
departamento,Cuauht√©mo,1802743,130,130,13993.84615,19.36269,-99.150565
departamento,Iztapalapa,619015.94,54,54,11567.90741,19.441733,-99.161653
casa,¡lvaro ObregÛn,63948900,926,926,3671.706263,19.324947,-99.083468
casa,Benito Ju√°re,2404023.85,371,371,6539.002695,19.320661,-99.204251
departamento,Benito Ju√°re,1348016.66,80,80,17000,19.401406,-99.156836
departamento,¡lvaro ObregÛn,1456701.96,50,50,29400,19.391834,-99.188695
departamento,Benito Ju√°re,6833079.71,155,155,44486.82581,19.360367,-99.192614
departamento,Benito Ju√°re,5935812.69,70,70,85571.42857,19.39365,-99.14769
departamento,Tlalpan,1773807.06,57,57,31403.50877,19.388433,-99.175962
departamento,Miguel Hidalgo,4559467.98,170,170,27058.82353,19.298168,-99.113106
departamento,Gustavo A. Madero,1139596.67,52,52,22115.38462,19.400249,-99.177444
departamento,Benito Ju√°re,690136.71,60,60,11607.28333,19.469681,-99.086136
departamento,Tlahuac,638174.09,60,60,10733.33333,19.392025,-99.135302
departamento,¡lvaro ObregÛn,2871783.91,64,64,45281.25,19.301945,-99.049533
departamento,Cuauht√©mo,685739.85,70,70,9885.714286,19.379134,-99.253631
departamento,Gustavo A. Madero,644272.56,60,60,10833.33333,19.415143,-99.14685
casa,Azcapotzalco,2893584.84,175,175,16685.71429,19.524143,-99.160149
departamento,Benito Ju√°re,1347696.92,70,70,19428.57143,19.489815,-99.206729
departamento,Benito Ju√°re,2804398.88,95,95,29789.47368,19.393257,-99.157113
departamento,¡lvaro ObregÛn,1706422.22,91,91,18923.07692,19.39945,-99.164717
departamento,Miguel Hidalgo,1152752.46,80,80,14537.5,19.336195,-99.23692
departamento,Miguel Hidalgo,4806125.47,60,60,80102.09117,19.410419,-99.194748
casa,Tlalpan,23782889.51,780,780,30769.23077,19.4374246,-99.1905651
casa,¡lvaro ObregÛn,13381047.76,177,400,33750,19.303358,-99.203
departamento,Cuauht√©mo,2428412.26,136,136,18014.70588,19.3559202,-99.1802147
departamento,Gustavo A. Madero,799818.48,60,60,13452,19.416616,-99.160027
departamento,Cuajimalpa,12309369.53,205,205,60579.4878,19.479793,-99.100174
departamento,Benito Ju√°re,995787.44,80,80,12560.975,19.3577936,-99.27447796
casa,Coyoac√°,7828534.43,177,340,23235.29412,19.400785,-99.147419
departamento,Miguel Hidalgo,2478962.93,90,90,27788.88889,19.353813,-99.163605
casa,¡lvaro ObregÛn,11395967.83,400,400,28750,19.434723,-99.175887
departamento,Azcapotzalco,1029930.88,66,66,15747.4697,19.343294,-99.240456
departamento,Miguel Hidalgo,744206.07,59,59,12728.81356,19.497521,-99.203979
departamento,Benito Ju√°re,2534562.17,73,73,35036.9863,19.45789,-99.20016
departamento,Iztapalapa,327014.54,48,48,6875,19.364891,-99.148384
departamento,Xochimilco,1734168.9,90,90,19444.44444,19.363469,-99.010141
casa,La Magdalena Contreras,6441199.16,229,229,28384.27948,19.260421,-99.120697
departamento,Benito Ju√°re,1159384.52,75,75,15595.88,19.318155,-99.220718
departamento,Benito Ju√°re,2484578.96,90,90,27851.84444,19.39942,-99.141673
casa,Gustavo A. Madero,1184519.64,257,257,4651.101167,19.395261,-99.153153
departamento,Miguel Hidalgo,4950210.24,87,87,57418.3908,19.497346,-99.089531
departamento,Iztacalco,1683630.27,51,51,33313.72549,19.436516,-99.173988
departamento,Iztapalapa,519245.5,48,48,10625,19.400097,-99.122093
casa,Iztacalco,2393153.1,274,274,8813.868613,19.393751,-99.049999
departamento,Cuauht√©mo,990557.17,45,45,22213.33333,19.377089,-99.125557
casa,Cuauht√©mo,2557266.85,385,385,6701.298701,19.416979,-99.144176
departamento,Benito Ju√°re,1102934.38,50,50,22260.06,19.410687,-99.138477
departamento,¡lvaro ObregÛn,3389061.67,126,126,27142.85714,19.365843,-99.149901
departamento,¡lvaro ObregÛn,1040501.26,71,71,14788.73239,19.365686,-99.263209
departamento,Coyoac√°,748070.84,70,70,10784.28571,19.36678,-99.21145
departamento,Cuajimalpa,1897676.27,80,80,23937.5,19.323772,-99.116562
departamento,Benito Ju√°re,3049294.95,145,64,46796.875,19.355751,-99.299347
departamento,Tlalpan,2566570.1,100,100,25900,19.3638234,-99.1444714
departamento,Cuauht√©mo,4459291.65,64,64,70312.5,19.295665,-99.132282
casa,Coyoac√°,6688937.57,335,335,20149.25373,19.436024,-99.15461
departamento,Benito Ju√°re,5053863.88,135,135,37777.77778,19.315164,-99.111722
casa,¡lvaro ObregÛn,1991816.95,200,200,10050,19.394073,-99.153915
departamento,Venustiano Carranza,1137614.81,65,65,17661.53846,19.337902,-99.236776
casa,¡lvaro ObregÛn,4558387.05,350,350,13142.85714,19.415461,-99.124168
departamento,Iztacalco,1674711.66,70,70,24142.85714,19.390806,-99.195413
departamento,¡lvaro ObregÛn,9812768.36,184,184,53804.34783,19.395058,-99.13078
casa,Benito Ju√°re,5947132.21,60,185,32432.43243,19.35566284,-99.27538723
departamento,Benito Ju√°re,4806125.47,122,122,39754.09836,19.385749,-99.18585777
departamento,Cuajimalpa,6342103.75,110,110,58181.81818,19.390912,-99.172242
departamento,Cuauht√©mo,6256881.69,120,120,52616.66667,19.355751,-99.299347
departamento,Benito Ju√°re,2417011.3,62,62,39339.93548,19.405298,-99.164986
departamento,Cuauht√©mo,1143777.61,117,117,9865.119658,19.39912,-99.141464
departamento,Cuajimalpa,11849355,280,280,2250,19.441814,-99.156422
departamento,Coyoac√°,386471.79,65,65,6000,19.35735,-99.299792
departamento,Tlalpan,891858.25,48,48,18750,19.312223,-99.105454
casa,Azcapotzalco,4459291.65,276,144,31250,19.27838,-99.199387
departamento,Miguel Hidalgo,18529736.21,212,212,87404.41608,19.473486,-99.185753
departamento,Cuauht√©mo,981276.68,70,70,14142.85714,19.437185,-99.2031466
casa,Gustavo A. Madero,1545887.73,60,60,26000,19.428767,-99.1459
casa,¡lvaro ObregÛn,5951862.17,200,200,30030.98,19.452751,-99.056419
departamento,Gustavo A. Madero,198975.12,43,43,4668.465116,19.338886,-99.252586
casa,¡lvaro ObregÛn,3180961.41,80,80,40125,19.4782031,-99.1326443
departamento,Benito Ju√°re,1271393.47,60,60,21383.33333,19.365271,-99.232466
departamento,Iztapalapa,541060.73,66,66,8272.727273,19.403309,-99.145494
departamento,Benito Ju√°re,3468337.99,110,110,31818.18182,19.350145,-99.086731
departamento,Benito Ju√°re,5096196.74,103,103,49917.47573,19.399118,-99.167617
departamento,Miguel Hidalgo,1152479.17,60,60,19383.33333,19.394358,-99.177444
casa,Venustiano Carranza,1833698.97,170,400,4625,19.402944,-99.199727
departamento,Benito Ju√°re,3943995.74,108,108,36851.85185,19.4479726,-99.1105131
departamento,Cuauht√©mo,542382.59,60,60,9122.233333,19.390031,-99.174182
casa,Tlalpan,1953887.16,150,150,13144.82667,19.453201,-99.132967
departamento,Cuauht√©mo,850238.24,69,69,12434.78261,19.281993,-99.181179
casa,Iztapalapa,990953.65,180,180,5555.555556,19.417636,-99.153292
casa,Cuauht√©mo,4678748.29,90,90,52460.66667,19.388181,-99.081566
departamento,Coyoac√°,4714291.46,100,100,47142.9146,19.411699,-99.166247
casa,Iztapalapa,3964754.87,140,190,21052.63158,19.30282,-99.164293
departamento,Cuauht√©mo,987756.77,47,47,21207.95745,19.3138472,-99.0914512
departamento,Cuauht√©mo,828437.31,70,70,11942.85714,19.443178,-99.144234
casa,Gustavo A. Madero,6936675.98,280,280,24773.84279,19.410215,-99.14595
departamento,Cuauht√©mo,7134866.79,145,145,49655.17241,19.503961,-99.1263426
departamento,Benito Ju√°re,5648436.12,214,214,26635.51402,19.405298,-99.164986
departamento,Cuauht√©mo,3369242.59,92,92,36956.52174,19.376589,-99.153107
departamento,Benito Ju√°re,1564715.79,90,90,17544.44444,19.405298,-99.164986
departamento,Venustiano Carranza,500217.51,60,60,8413.066667,19.392814,-99.175476
departamento,Miguel Hidalgo,22797340.66,420,800,28750,19.409843,-99.125509
departamento,Benito Ju√°re,1288239.68,60,60,21666.66667,19.4318149,-99.1940586
departamento,Azcapotzalco,966635.58,70,70,13935.14286,19.362679,-99.171002
departamento,Coyoac√°,1389963.76,80,80,17529,19.48888,-99.179278
departamento,Iztapalapa,720918.7,57,57,12763.15789,19.334738,-99.176758
departamento,Venustiano Carranza,1047438.02,66,66,16015.15152,19.369859,-99.135812
casa,Miguel Hidalgo,43259550,1000,1000,2300,19.410412,-99.098521
departamento,Gustavo A. Madero,1090049.06,60,60,18333.33333,19.430925,-99.209978
casa,Miguel Hidalgo,28212750,1100,1000,1500,19.468775,-99.115636
casa,Cuajimalpa,7124957.16,165,230,31260.86957,19.40327605,-99.25387131
departamento,Benito Ju√°re,2259374.44,91,91,25054.94505,19.382275,-99.270241
departamento,Benito Ju√°re,3517885.6,68,68,52205.88235,19.399815,-99.150806
casa,Benito Ju√°re,13873352.16,800,800,17500,19.387388,-99.175554
departamento,Benito Ju√°re,4162005.63,127,127,33070.86614,19.401294,-99.163168
departamento,Gustavo A. Madero,891579.13,80,80,11243.8125,19.380987,-99.182164
departamento,Coyoac√°,2018572.6,94,94,21670.21277,19.470215,-99.140075
departamento,Tlahuac,351702.21,44,44,8066.204545,19.305984,-99.127341
departamento,Tlalpan,3265966.81,101,101,32623.76238,19.302192,-99.049333
departamento,Miguel Hidalgo,36472314.69,317,250,7756.56,19.2753576,-99.1675547
departamento,¡lvaro ObregÛn,844893.99,95,95,8974.810526,19.407269,-99.190754
departamento,Cuajimalpa,5451537.83,156,156,35256.41026,19.38828,-99.195529
departamento,Benito Ju√°re,4806125.47,122,122,39754.09836,19.35735,-99.299792
departamento,Coyoac√°,836938.94,74,74,11410.52703,19.390912,-99.172242
departamento,Benito Ju√°re,666911.79,63,63,10682.53968,19.3223015,-99.1035542
departamento,Cuajimalpa,7612855.67,131,131,58113.40206,19.39106,-99.14775
departamento,Venustiano Carranza,675437.87,50,50,13632.08,19.384553,-99.2491233
departamento,Benito Ju√°re,743391.47,75,75,10000,19.41275,-99.126007
departamento,Tlalpan,1833264.3,103,103,17961.16505,19.38751,-99.142247
casa,Tlahuac,2576479.55,90,90,28888.88889,19.270735,-99.175292
departamento,Benito Ju√°re,2774670.35,67,67,41791.04478,19.296993,-98.995972
casa,Tlalpan,3072685.02,637,637,4866.562009,19.371992,-99.157853
departamento,Coyoac√°,2180615.17,110,110,20000,19.298501,-99.167194
departamento,Benito Ju√°re,5659687.55,124,124,46048.3871,19.343979,-99.124863
departamento,Benito Ju√°re,2477384.14,129,129,19379.84496,19.3815906,-99.1653974
departamento,¡lvaro ObregÛn,4568197.57,130,130,35460.76923,19.403334,-99.157755
departamento,Coyoac√°,11109582.08,65,65,172476.9231,19.390806,-99.195413
departamento,Benito Ju√°re,8103958.96,157,157,52076.43312,19.30618,-99.161962
casa,Cuajimalpa,1179514.51,132,193,6165.803109,19.394358,-99.177444
departamento,Iztapalapa,495476.82,29,29,17085.40759,19.37073698,-99.2942445
casa,Tlahuac,655373.9,109,174,3800,19.33730477,-99.10204411
departamento,¡lvaro ObregÛn,641146.96,80,80,8087.5,19.279188,-99.005989
casa,Iztapalapa,1257377.37,140,140,9061.107143,19.361385,-99.246689
departamento,¡lvaro ObregÛn,750224.23,80,80,9463.4125,19.331858,-99.062324
departamento,Benito Ju√°re,3616981,70,70,52142.85714,19.38828,-99.195529
casa,Iztacalco,1397873.29,200,200,7051.5,19.3755039,-99.1630337
departamento,¡lvaro ObregÛn,1628523.06,70,70,23471.42857,19.394231,-99.127251
departamento,Venustiano Carranza,455838.66,58,58,7931.034483,19.3865508,-99.1937082
departamento,Cuajimalpa,13373386.87,221,221,61051,19.452365,-99.124572
departamento,Benito Ju√°re,951315.49,70,70,13714.28571,19.35763164,-99.27473545
departamento,Coyoac√°,639165.11,65,65,9923.076923,19.392185,-99.135357
casa,¡lvaro ObregÛn,1082889.41,1042,1042,1048.728407,19.323772,-99.116562
departamento,Cuauht√©mo,2850759.95,180,180,15555.55556,19.349781,-99.226194
departamento,Coyoac√°,3330394.01,152,152,22105.26316,19.407682,-99.172042
departamento,Venustiano Carranza,630246.5,65,65,9696.1,19.3108788,-99.1386972
casa,¡lvaro ObregÛn,20810028.15,750,900,23333.33333,19.426206,-99.06071663
departamento,¡lvaro ObregÛn,5582290.01,157,157,35880.57325,19.3559202,-99.1802147
departamento,Iztapalapa,274719.01,13,44,6300.613636,19.355088,-99.241105
departamento,Azcapotzalco,2438616.06,98,98,25111,19.39216531,-99.05749798
departamento,Tlalpan,6740083.34,240,240,28333.33333,19.469769,-99.157379
casa,Miguel Hidalgo,336484065,630,630,534101.6905,19.301081,-99.216217
departamento,Cuauht√©mo,354761.41,63,63,5682.539683,19.4010793,-99.2480728
departamento,¡lvaro ObregÛn,634210.2,70,70,9142.857143,19.441047,-99.135306
departamento,Miguel Hidalgo,958252.07,68,68,14220.58824,19.390806,-99.195413
casa,Cuajimalpa,7382605.21,200,285,26140.35088,19.399461,-99.175182
departamento,Gustavo A. Madero,713486.52,60,60,12000,19.355751,-99.299347
departamento,Miguel Hidalgo,23782889.51,240,240,100000,19.4900536,-99.0935504
departamento,Iztacalco,753600.35,63,63,12071.11111,19.429747,-99.18823
casa,Coyoac√°,3825081.25,232,232,16637.93103,19.417363,-99.068463
casa,Benito Ju√°re,3964754.87,118,118,33898.30508,19.352605,-99.131212
departamento,¡lvaro ObregÛn,4459291.65,101,101,44554.45545,19.371992,-99.157853
departamento,¡lvaro ObregÛn,1633675.27,51,51,32325.27451,19.341894,-99.224525
departamento,Coyoac√°,886618.2,75,75,11926.66667,19.386852,-99.194748
departamento,Cuauht√©mo,1664802.21,55,55,30545.45455,19.326922,-99.121203
casa,Iztapalapa,5450245.5,190,190,28947.36842,19.439253,-99.163605
departamento,Benito Ju√°re,6938320.98,110,110,63636.36364,19.350214,-99.162146
departamento,Azcapotzalco,1188153.44,49,49,24469.38776,19.395268,-99.175265
casa,¡lvaro ObregÛn,2874447.19,220,220,13181.81818,19.484102,-99.18436
departamento,Miguel Hidalgo,3468337.99,100,100,35000,19.345834,-99.236482
casa,Iztacalco,2079318.04,130,130,16140.76923,19.384467,-99.135872
departamento,Benito Ju√°re,2830659.31,96,96,29755.20833,19.382139,-99.127632
departamento,Coyoac√°,1459029.7,70,70,21028.57143,19.373306,-99.146919
departamento,Benito Ju√°re,1021722.67,87,87,11851.14943,19.309208,-99.171906
departamento,Iztacalco,1157433.89,52,52,22461.53846,19.383446,-99.137643
departamento,Benito Ju√°re,2302861.39,175,175,13276.18857,19.392349,-99.07093
departamento,Benito Ju√°re,3330394.01,102,102,32941.17647,19.397686,-99.161395
casa,Benito Ju√°re,5407594.59,180,180,30309.25556,19.39912,-99.141464
departamento,Miguel Hidalgo,1169325.38,65,65,18153.84615,19.3868,-99.18041
departamento,Cuajimalpa,10803957.12,240,240,45416.66667,19.411112,-99.193066
departamento,Benito Ju√°re,1694530.74,88,88,19431.81818,19.390415,-99.254997
departamento,¡lvaro ObregÛn,12885453.38,255,255,50980.39216,19.369509,-99.172532
departamento,¡lvaro ObregÛn,6720259.55,146,146,46438.35616,19.3619852,-99.2663861
departamento,Miguel Hidalgo,12280758.98,393,357,34705.68627,19.390806,-99.195413
departamento,Benito Ju√°re,1446792.32,55,55,26545.45455,19.44257112,-99.20281738
departamento,Cuajimalpa,4757705.81,127,127,37795.27559,19.364891,-99.148384
departamento,Benito Ju√°re,4459291.65,109,109,41284.40367,19.35735,-99.299792
casa,¡lvaro ObregÛn,834420.67,90,90,9355.977778,19.3668017,-99.1724994
casa,Cuauht√©mo,13873352.16,152,360,38888.88889,19.366448,-99.21224
departamento,Benito Ju√°re,1129687.22,95,95,12000,19.41498,-99.177444
departamento,Cuajimalpa,3701212.05,83,83,45000,19.375412,-99.144234
departamento,Venustiano Carranza,958261.28,70,70,13811.14286,19.35735,-99.299792
departamento,¡lvaro ObregÛn,2229645.73,104,104,21634.61538,19.445553,-99.097057
casa,¡lvaro ObregÛn,7035771.39,245,245,28717.43424,19.377369,-99.198052
departamento,Iztacalco,1090307.49,65,65,16923.07692,19.3414129,-99.2290163
casa,¡lvaro ObregÛn,2834127.6,250,250,11440,19.3778105,-99.1975082
casa,Cuauht√©mo,738727.91,761,761,979.3626807,19.365175,-99.230064
departamento,Cuauht√©mo,1451053.39,63,63,23242.85714,19.44451,-99.162633
departamento,Benito Ju√°re,3131413.62,98,98,32244.89796,19.417923,-99.148384
departamento,¡lvaro ObregÛn,750402.16,90,90,8411.922222,19.380937,-99.179545
departamento,Benito Ju√°re,1486430.48,80,80,18750,19.38828,-99.195529
departamento,Benito Ju√°re,3451821.68,90,90,38703.7,19.370046,-99.146155
departamento,Benito Ju√°re,5822242.45,117,117,50205.12821,19.390844,-99.164664
departamento,Tlahuac,616237.36,65,65,9567.123077,19.394358,-99.177444
departamento,Miguel Hidalgo,591351.46,65,65,9180.769231,19.29707,-99.051074
departamento,Azcapotzalco,2720167.83,80,80,34312.5,19.441879,-99.167819
departamento,Venustiano Carranza,1030591.82,75,75,13866.66667,19.469769,-99.157379
departamento,Miguel Hidalgo,1050410.9,60,60,17666.66667,19.452255,-99.124703
departamento,Miguel Hidalgo,2004639.83,78,78,25935.12821,19.458831,-99.203999
departamento,Benito Ju√°re,1829073.2,104,104,17743.58654,19.437285,-99.174303
casa,Tlalpan,5747531.52,277,277,20938.62816,19.371132,-99.173156
departamento,Cuauht√©mo,409939.53,281,281,1472.177936,19.271467,-99.146309
departamento,Benito Ju√°re,1969025,76,76,26144.73684,19.45178,-99.15709
casa,Tlalpan,3716957.58,1850,300,12500,19.364005,-99.153602
departamento,Tlalpan,941405.86,63,63,15079.36508,19.199665,-99.153915
departamento,Benito Ju√°re,1714349.82,91,91,19010.98901,19.298347,-99.116905
departamento,¡lvaro ObregÛn,743215.24,60,60,12500,19.401456,-99.146787
casa,Tlalpan,3895371.63,480,480,8187.5,19.386852,-99.194748
casa,Cuajimalpa,9513155.72,260,420,22857.14286,19.301835,-99.206377
casa,Tlalpan,2477384.14,244,244,10245.90164,19.35735,-99.299792
casa,Miguel Hidalgo,3170060.95,102,102,31362.7451,19.274451,-99.227508
tienda,Venustiano Carranza,773127.15,50,50,15600,19.444923,-99.170352
departamento,Cuauht√©mo,1116051.62,44,44,25596.36364,19.414261,-99.104118
departamento,Gustavo A. Madero,1295176.44,51,51,25627.45098,19.410553,-99.133858
departamento,Miguel Hidalgo,18470386.55,155,155,120251.6129,19.473415,-99.143539
departamento,Benito Ju√°re,2640615.97,62,62,42969.19355,19.433077,-99.198212
departamento,Coyoac√°,1238692.07,70,70,17857.14286,19.39365,-99.14769
departamento,Iztapalapa,753124.69,47,47,16170.21277,19.3437444,-99.1561883
departamento,Benito Ju√°re,7233962.2,190,190,38421.05263,19.359004,-99.092622
departamento,Benito Ju√°re,1838550.05,70,70,26504.77143,19.383319,-99.167205
departamento,Venustiano Carranza,1581708.51,63,63,25106.48429,19.371132,-99.173156
departamento,Venustiano Carranza,594572.23,60,60,10000,19.4214889,-99.0999336
departamento,¡lvaro ObregÛn,882939.64,75,75,11880,19.452689,-99.117987
casa,Iztapalapa,2477384.14,180,180,13888.88889,19.359901,-99.189606
casa,Tlalpan,21800982,800,800,27500,19.319391,-99.097368
departamento,Coyoac√°,2427836.53,75,75,32666.66667,19.297926,-99.203158
casa,Miguel Hidalgo,37428915,580,600,3316.666667,19.306725,-99.182521
departamento,Gustavo A. Madero,2967906.25,130,130,23038.46154,19.401079,-99.24807
departamento,Cuauht√©mo,879966.76,40,40,22200,19.486507,-99.119751
casa,Coyoac√°,5010458.94,354,354,14279.66102,19.451685,-99.157107
casa,Coyoac√°,2906703.01,300,300,9777.46,19.35231,-99.1579
departamento,Tlalpan,2911722.25,84,84,34979.79762,19.335068,-99.138237
departamento,Miguel Hidalgo,4376051.62,87,87,50758.62069,19.287598,-99.14769
departamento,Gustavo A. Madero,2477384.14,205,205,12195.12195,19.432657,-99.177444
departamento,Benito Ju√°re,1446792.32,70,70,20857.14286,19.464712,-99.124872
departamento,Benito Ju√°re,1635461.33,80,80,20625,19.365843,-99.149901
departamento,Azcapotzalco,1301301.62,36,36,36147.26722,19.368568,-99.15031
departamento,Gustavo A. Madero,1119777.58,102,102,11078.43137,19.4653758,-99.1589568
casa,Tlalpan,2679538.84,137,137,19737.22628,19.50384,-99.130804
departamento,Miguel Hidalgo,6936675.98,185,185,37837.83784,19.301291,-99.140663
departamento,Miguel Hidalgo,1154860.7,70,70,16644.67143,19.390982,-99.243919
casa,Iztapalapa,564843.51,50,50,11296.8702,19.457129,-99.174456
departamento,Coyoac√°,3080874.99,83,83,37457.83133,19.37858778,-99.04006285
casa,Miguel Hidalgo,22301746.27,560,560,40178.57143,19.302656,-99.111725
departamento,Miguel Hidalgo,1598722.5,260,260,326.9230769,19.394116,-99.251255
departamento,Azcapotzalco,2615602.54,69,69,38253.33333,19.428573,-99.216263
departamento,Cuauht√©mo,1144048.83,85,85,13579.04706,19.474559,-99.187221
departamento,Cuauht√©mo,309250.86,43,43,7255.813953,19.441809,-99.156423
departamento,Miguel Hidalgo,1387335.08,60,60,23333.33333,19.441646,-99.151884
casa,Gustavo A. Madero,2853946.68,195,195,14769.23077,19.449997,-99.18117
casa,¡lvaro ObregÛn,2328741.13,120,120,19583.33333,19.679214,-98.993553
departamento,Benito Ju√°re,3865635.95,98,98,39795.91837,19.326628,-99.206179
departamento,Tlalpan,1288239.68,50,50,26000,19.3756773,-99.1546074
casa,¡lvaro ObregÛn,13853533.08,115,393,35572.51908,19.287188,-99.170525
departamento,¡lvaro ObregÛn,2328741.13,53,53,44339.62264,19.357464,-99.207909
departamento,Benito Ju√°re,2923313.36,96,96,30729.16667,19.331932,-99.246689
departamento,Miguel Hidalgo,3296624.28,90,90,36954.77778,19.379879,-99.169157
casa,¡lvaro ObregÛn,3280056.82,255,255,12980.39216,19.427649,-99.176003
departamento,Miguel Hidalgo,7334796.44,228,228,32456.14035,19.338422,-99.245766
departamento,Azcapotzalco,3171051.78,130,130,24615.38462,19.432657,-99.177444
departamento,Benito Ju√°re,1238692.07,64,64,19531.25,19.478428,-99.207996
casa,Benito Ju√°re,2779953.28,260,260,10787.17692,19.383446,-99.137643
departamento,Cuauht√©mo,856976.76,85,85,10174.11765,19.360285,-99.148336
departamento,¡lvaro ObregÛn,15359782.65,270,270,57407.40741,19.460913,-99.12858
departamento,Iztapalapa,778083,50,50,15700,19.3605334,-99.2267067
casa,Miguel Hidalgo,15859019.68,800,800,20000,19.3579916,-99.0648692
departamento,Iztacalco,867941.55,70,70,12512.35714,19.401079,-99.24807
departamento,Benito Ju√°re,1275027.46,100,100,12866.67,19.40263,-99.078233
casa,Miguel Hidalgo,9409227.48,307,307,30928.73941,19.376116,-99.171601
departamento,Cuauht√©mo,1431276.44,90,90,16044.44444,19.409989,-99.185975
departamento,Gustavo A. Madero,1565706.81,59,59,26779.66102,19.404442,-99.162688
departamento,Venustiano Carranza,890561.03,43,43,20899.7907,19.46731,-99.133163
departamento,Iztapalapa,1202356.68,60,60,20222.21667,19.443592,-99.121407
departamento,Iztapalapa,467551.47,56,56,8423.357143,19.383547,-99.074514
casa,¡lvaro ObregÛn,3171051.78,100,100,32000,19.359004,-99.092622
departamento,¡lvaro ObregÛn,1205990.67,80,80,15212.5,19.353288,-99.244721
casa,¡lvaro ObregÛn,842310.64,89,89,9550.561798,19.377369,-99.198052
departamento,Benito Ju√°re,4319170.77,100,100,43586,19.366205,-99.200783
departamento,Azcapotzalco,542155.38,32,77,7103.571429,19.394358,-99.177444
departamento,Gustavo A. Madero,792762.85,80,80,10000,19.49599609,-99.20179296
casa,Gustavo A. Madero,1212956.96,212,212,5773.726415,19.482945,-99.113471
departamento,Coyoac√°,1436882.88,70,70,20714.28571,19.496581,-99.09994
casa,Iztacalco,3369242.59,250,250,13600,19.342508,-99.137204
departamento,Benito Ju√°re,3235700.73,576,576,5668.817708,19.399607,-99.133903
casa,Coyoac√°,2378852.81,172,172,13953.48837,19.397899,-99.166031
departamento,Azcapotzalco,1367230.67,102,102,13526.58824,19.316215,-99.131567
departamento,Miguel Hidalgo,7855909.45,243,243,32623.97119,19.47941,-99.186176
departamento,Cuauht√©mo,735010.03,332,332,2233.566265,19.443178,-99.20237
departamento,Cuauht√©mo,495594.19,44,44,11363.63636,19.451919,-99.131919
departamento,Benito Ju√°re,2750170.03,86,86,32263,19.4620417,-99.1321904
casa,Gustavo A. Madero,1080233.65,70,70,15572.78571,19.3803931,-99.1476908
departamento,Benito Ju√°re,1212927.25,57,57,21473.68421,19.482945,-99.113471
departamento,Benito Ju√°re,1486782.95,70,70,21428.57143,19.366738,-99.14554
departamento,Cuauht√©mo,3566296.98,108,108,33314.81481,19.385853,-99.137921
casa,Iztapalapa,1109868.14,150,150,7466.666667,19.4482164,-99.1589625
departamento,¡lvaro ObregÛn,1936122.53,110,110,17757.58182,19.357819,-99.054344
departamento,Cuauht√©mo,867510.46,81,81,10807.77778,19.347895,-99.187492
departamento,Iztapalapa,555330.36,50,50,11208,19.436738,-99.138619
,,,,,,,
,,,,,,,
